{"cameraMode":{"drawMode":0,"name":"Shaded","section":"Shading Mode"},"sceneLighting":false,"audioPlay":false,"sceneViewState":{"showFog":true,"showMaterialUpdate":false,"showSkybox":false,"showFlares":true,"showImageEffects":true,"showParticleSystems":true},"in2DMode":false,"pivot":{"x":-13.405181884765625,"y":3.544093370437622,"z":-12.539192199707032},"rotation":{"x":-0.010324527509510517,"y":0.9676274657249451,"z":-0.24913743138313294,"w":-0.040060438215732577},"size":5.221175670623779,"orthographic":false}