{"cameraMode":{"drawMode":0,"name":"Shaded","section":"Shading Mode"},"sceneLighting":false,"audioPlay":false,"sceneViewState":{"showFog":true,"showMaterialUpdate":false,"showSkybox":false,"showFlares":true,"showImageEffects":true,"showParticleSystems":true},"in2DMode":false,"pivot":{"x":12.940959930419922,"y":7.296868324279785,"z":-14.664946556091309},"rotation":{"x":-0.02424473688006401,"y":0.8982093334197998,"z":-0.04989492893218994,"w":-0.43616607785224917},"size":11.859274864196778,"orthographic":false}