{"cameraMode":{"drawMode":0,"name":"Shaded","section":"Shading Mode"},"sceneLighting":false,"audioPlay":false,"sceneViewState":{"showFog":false,"showMaterialUpdate":false,"showSkybox":false,"showFlares":false,"showImageEffects":false,"showParticleSystems":false},"in2DMode":false,"pivot":{"x":0.9467639923095703,"y":1.5300321578979493,"z":-0.23388957977294923},"rotation":{"x":0.24557650089263917,"y":-0.35993078351020815,"z":0.09880554676055908,"w":0.894650936126709},"size":11.702717781066895,"orthographic":false}