{"cameraMode":{"drawMode":0,"name":"Shaded","section":"Shading Mode"},"sceneLighting":true,"audioPlay":false,"sceneViewState":{"showFog":false,"showMaterialUpdate":false,"showSkybox":false,"showFlares":false,"showImageEffects":false,"showParticleSystems":false},"in2DMode":false,"pivot":{"x":631.0442504882813,"y":-20.856369018554689,"z":674.1895751953125},"rotation":{"x":-0.08827536553144455,"y":0.8703078627586365,"z":-0.16918136179447175,"w":-0.4540735185146332},"size":230.25730895996095,"orthographic":false}